{
  "val-loss": 4.053627664728682,
  "val-perplexity": 57.606053906864034
}