{
  "val-loss": 6.155038759689923,
  "val-perplexity": 471.08510121942396
}